ID;name;date
ec99f9c0-4c18-4cf9-bf94-3f9edc89456f;Hotel;2021-07-11T23:21:03.520Z
8dd44601-c0b6-45d1-a604-6d64968a4ed7;Charlie;2018-07-24T21:53:06.525Z
e7a8ad7c-9434-4378-a3b3-e3ee69bbb2d7;India Delta Echo;2019-02-25T01:12:41.997Z
88b24b17-e6c6-4515-b479-bc7e047a3dd4;Juliett Tango Kilo;2022-06-30T18:57:28.756Z
4bc4cda3-c550-4fb2-bee1-b45014d8c5f5;Kilo;2019-05-15T10:49:33.732Z
e4c0c3f2-ca8d-436b-bbbd-3c3e342f1b9b;Delta;2018-07-27T01:07:04.364Z
671e8768-eb54-4f3b-8faa-6f177c08e61c;Hotel Romeo Golf;2021-05-23T23:18:54.127Z
e86de6c0-5261-48a0-85a5-408b63843082;Lima Quebec;2022-12-09T06:01:00.276Z
ff3dd1fa-4209-41b6-b65a-cd78656897a9;Uniform Lima Romeo;2022-05-13T04:39:32.844Z
c35d0193-c87c-475d-9306-8be798b202af;Tango Quebec Echo;2020-10-26T03:40:50.011Z